source,Permanent_Address,votersAge,Mobile Number,Mother Name,Temporary_Address,Date of Birth,Citizenship Number,PAN_Number,Customer Code,votersID,last_modified_date,soup,Gender,Father_Name,Blood Group,License Number,SC Number,Customer ID,National Id,Name,SpouseName,uuid
"layout1, layout2, layout3, layout4, layout5","Baluwatar, Kathmandu, Nepal",45,1234567890,Laxmi Thapa,"Gongabu, Kathmandu, Nepal",1990-01-01,624-93227-32431/660086,ABCDE1234F,21216874,11116874,2024-05-30 17:00:43.682396,ramthapa 1990-01-01 rambahadurthapa,Male,Ram Bahadur Thapa,AB+,15-05-58353205,001.01.01,3245,AB123C,Ram Thapa,Sita Thapa,8130816101990
"layout1, layout2, layout3, layout4, layout5","Lakeside, Pokhara, Nepal",38,2345678901,Radha Sharma,"New Road, Pokhara, Nepal",1991-02-02,747-42087-31417/584714,FGHIJ5678K,22359363,22259363,2024-05-30 17:00:43.682396,sitashrestha 1991-02-02 hariprasadshrestha,Female,Hari Prasad Shrestha,AB-,21-08-00435579,001.01.02,3246,DE456F,Sita Shrestha,Ravi Sharma,9901988590810
"layout1, layout2, layout3, layout4, layout5","Chitwan National Park, Chitwan, Nepal",52,3456789012,Gita Adhikari,"Pulchowk, Lalitpur, Nepal",1992-03-03,389-45382-93886/821590,LMNOP9012L,33485241,33385241,2024-05-30 17:00:43.682396,harigurung 1992-03-03 gopalkrishnagurung,Male,Gopal Krishna Gurung,B-,93-12-35351480,001.01.03,3247,GH789I,Hari Gurung,Maya Adhikari,8189718147019
"layout1, layout2, layout3, layout4, layout5","Biratnagar, Morang, Nepal",30,4567890123,Mina Rai,"Bagbazar, Kathmandu, Nepal",1993-04-04,571-38785-99733/440035,QRSTU3456M,45475489,44475489,2024-05-30 17:00:43.682396,gitatamang 1993-04-04 shyamlaltamang,Female,Shyam Lal Tamang,A-,65-03-68139881,001.01.04,3248,JK012L,Gita Tamang,Surya Rai,7901013147019
"layout1, layout2, layout3, layout4","Bharatpur, Chitwan, Nepal",27,5678901234,Kalpana Karki,,1994-05-05,,VWXYZ7890N,56562139,55562139,2024-05-30 17:00:43.646650,mohanlama 1994-05-05 krishnarajlama,Male,Krishna Raj Lama,,,001.01.05,3249,MN345O,Mohan Lama,Sarita Karki,3581421310199
"layout1, layout2, layout3, layout4, layout5","Butwal, Rupandehi, Nepal",41,6789012345,Nima Gurung,"Chabahil, Kathmandu, Nepal",1995-06-06,033-51347-62581/380746,ABCD1234PQ,67698214,66698214,2024-05-30 17:00:43.682396,radhamagar 1995-06-06 narayankumarmagar,Female,Narayan Kumar Magar,B-,82-09-81734599,001.01.06,3250,PQ678R,Radha Magar,Pemba Gurung,8148131718019
"layout1, layout2, layout3, layout4","Hetauda, Makwanpur, Nepal",36,7890123456,Saru Shrestha,"Kumaripati, Lalitpur, Nepal",1996-07-07,,EFGH5678RS,78714635,77714635,2024-05-30 17:00:43.651656,krishnarai 1996-07-07 govindabahadurrai,Male,Govinda Bahadur Rai,,,001.01.07,3251,ST901U,Krishna Rai,Laxmi Shrestha,1899841819019
"layout1, layout2, layout3, layout4, layout5","Janakpur, Dhanusa, Nepal",50,8901234567,Nanu Maharjan,"New Baneshwor, Kathmandu, Nepal",1997-08-08,323-37869-95909/623481,TUVW9012XY,89847326,88847326,2024-05-30 17:00:43.682396,saritasherpa 1997-08-08 shivanarayansherpa,Female,Shiva Narayan Sherpa,A-,98-03-72394228,001.01.08,3252,VW234X,Sarita Sherpa,Raj Maharjan,9189019858610
"layout1, layout2, layout3, layout4","Nepalgunj, Banke, Nepal",43,9012345678,Lhamu Tamang,"Boudha, Kathmandu, Nepal",1998-09-09,,ZABC3456DE,91953421,99953421,2024-05-30 17:00:43.655655,bikashkarki 1998-09-09 bhagirathbahadurkarki,Male,Bhagirath Bahadur Karki,,,001.01.09,3253,YZ567A,Bikash Karki,Pema Tamang,2911981181901
"layout1, layout2, layout3, layout4, layout5","Dharan, Sunsari, Nepal",34,123456789,Lila KC,"Kalanki, Kathmandu, Nepal",1999-10-10,272-28301-42325/881177,FGHI7890JK,10203847,10103847,2024-05-30 17:00:43.682396,nishabhandari 1999-10-10 suryabahadurbhandari,Female,Surya Bahadur Bhandari,A-,42-08-02614125,001.01.10,3254,BC890D,Nisha Bhandari,Manish KC,4998128144189
"layout1, layout2, layout3, layout4, layout5","Birtamode, Jhapa, Nepal",39,1234567800,Chandra Khadka,"Sanepa, Lalitpur, Nepal",2000-11-11,575-80644-44438/883300,LMNO1234PL,12113982,11113982,2024-05-30 17:00:43.699616,aaravadhikari 2000-11-11 rajanbahaduradhikari,Male,Rajan Bahadur Adhikari,O+,15-06-41273848,001.01.11,3255,EF123G,Aarav Adhikari,Nisha Khadka,1181214891189
"layout1, layout2, layout3, layout4, layout5","Dhangadhi, Kailali, Nepal",48,2345678902,Tulasa Magar,"Putalisadak, Kathmandu, Nepal",2001-12-12,599-66155-86484/518801,QRST5678UM,13122547,12122547,2024-05-30 17:00:43.701622,snehajoshi 2001-12-12 rameshbahadurjoshi,Female,Ramesh Bahadur Joshi,AB+,31-01-32329238,001.01.12,3256,HI456J,Sneha Joshi,Kamal Magar,9458105989020
"layout1, layout2, layout3, layout4, layout5","Itahari, Sunsari, Nepal",31,3456789013,Ganga Yadav,"Tinkune, Kathmandu, Nepal",1989-01-13,371-38746-28131/634277,VWXY9012NZ,13235698,13135698,2024-05-30 17:00:43.703621,pratikshahi 1989-01-13 sureshkumarshahi,Male,Suresh Kumar Shahi,O-,73-02-11496212,001.01.13,3257,KL789M,Pratik Shahi,Sita Yadav,6810919818901
"layout1, layout2, layout3, layout4, layout5","Bhaktapur, Bhaktapur, Nepal",29,4567890124,Sunita Bista,"Sinamangal, Kathmandu, Nepal",1988-02-14,506-21915-16175/214975,ABCD3456OP,14247652,14147652,2024-05-30 17:00:43.705620,anjubhattarai 1988-02-14 dineshrajbhattarai,Female,Dinesh Raj Bhattarai,AB-,94-08-09289547,001.01.14,3258,NO012P,Anju Bhattarai,Mina Bista,1401281001819
"layout1, layout2, layout3, layout4","Kirtipur, Kathmandu, Nepal",44,5678901235,Gita Dhakal,"Thamel, Kathmandu, Nepal",1987-03-15,,EFGH7890QR,15158964,15158963,2024-05-30 17:00:43.666758,manishmaharjan 1987-03-15 bijaybahadurmaharjan,Male,Bijay Bahadur Maharjan,,,001.01.15,3259,QR345S,Manish Maharjan,Ram Dhakal,3149983181801
"layout1, layout2, layout3, layout4, layout5","Lalitpur, Lalitpur, Nepal",53,6789012346,Laxmi Pant,"Jawalakhel, Lalitpur, Nepal",1986-04-16,697-65333-88172/166613,STUV1234WX,16169853,16169852,2024-05-30 17:00:43.707620,pujakc 1986-04-16 rameshbahadurkc,Female,Ramesh Bahadur KC,AB-,17-11-63791321,001.01.16,3260,TU678V,Puja KC,Radha Pant,6101130198600
"layout1, layout2, layout3, layout4","Ghorahi, Dang, Nepal",37,7890123457,Sarita Joshi,"Maitighar, Kathmandu, Nepal",1985-05-17,,YZAB5678CD,17375246,17175246,2024-05-30 17:00:43.666758,anilkhadka 1985-05-17 rajeshbahadurkhadka,Male,Rajesh Bahadur Khadka,,,001.01.17,3261,WX901Y,Anil Khadka,Amit Joshi,1492181411019
"layout1, layout2, layout3, layout4, layout5","Tansen, Palpa, Nepal",28,8901234568,Meena Bhattarai,"Buddhanagar, Kathmandu, Nepal",1984-06-18,542-42953-82512/112038,EFGH9012EF,18383569,18183569,2024-05-30 17:00:43.710622,ritarimal 1984-06-18 ganeshbahadurrimal,Female,Ganesh Bahadur Rimal,B-,68-10-56792613,001.01.18,3262,ZA234B,Rita Rimal,Anita Bhattarai,8901893120198
"layout1, layout2, layout3, layout4, layout5","Bidur, Nuwakot, Nepal",46,9012345679,Manju Gurung,"Naxal, Kathmandu, Nepal",1983-07-19,697-25014-99353/663054,IJKL3456GH,19294258,19194258,2024-05-30 17:00:43.712622,pratikshadahal 1983-07-19 santoshbahadurdahal,Male,Santosh Bahadur Dahal,AB+,28-09-97969690,001.01.19,3263,CD567E,Pratiksha Dahal,Sanu Gurung,6810919814181
"layout1, layout2, layout3, layout4","Damak, Jhapa, Nepal",40,123456790,Rita Lama,,1982-08-20,,MNOP7890IJ,20305417,20205417,2024-05-30 17:00:43.666758,dipeshpokharel 1982-08-20 shyamsundarpokharel,Female,Shyam Sundar Pokharel,,,001.01.20,3264,FG890H,Dipesh Pokharel,Hari Lama,4965986518185
layout5,"Bharatpur, Chitwan, Nepal",,5678901234,,"Balkumari, Lalitpur, Nepal",,864-17331-40021/961722,,,,2024-05-30 17:00:17.548609,mohanlama  krishnarajlama,,Krishna Raj Lama,A+,14-11-40056582,,,,Mohan Lama,,3581421310018
layout5,"Hetauda, Makwanpur, Nepal",,7890123456,,"Kumaripati, Lalitpur, Nepal",,068-37653-84341/852787,,,,2024-05-30 17:00:17.548609,krishnarai  ,,,AB+,26-03-50185868,,,,Krishna Rai,,1899841819000
layout5,"Nepalgunj, Banke, Nepal",,9012345678,,"Boudha, Kathmandu, Nepal",,406-94259-70142/249811,,,,2024-05-30 17:00:17.548609,bikashkarki  bhagirathbahadurkarki,,Bhagirath Bahadur Karki,B-,68-01-80388982,,,,Bikash Karki,,2911981181900
layout5,"Kirtipur, Kathmandu, Nepal",,5678901235,,"Thamel, Kathmandu, Nepal",,157-92240-30969/930555,,,,2024-05-30 17:00:17.548609,manishmaharjan  ,,,B+,98-09-16879291,,,,Manish Maharjan,,3149983181801
layout5,"Ghorahi, Dang, Nepal",,7890123457,,"Maitighar, Kathmandu, Nepal",,395-60019-88104/590785,,,,2024-05-30 17:00:17.548609,anilkhadka  ,,,AB-,71-03-35575299,,,,Anil Khadka,,1492181411000
layout5,"Damak, Jhapa, Nepal",,123456790,,"Gaushala, Kathmandu, Nepal",,769-44973-94012/456699,,,,2024-05-30 17:00:17.548609,dipeshpokharel  shyamsundarpokharel,,Shyam Sundar Pokharel,A-,89-04-95690392,,,,Dipesh Pokharel,,4965986518185
